"Registration for ""Oceania and National Lead and Speed Climbing Championships"" (17 Jun 2016 4:00 PM - 19 Jun 2016 4:00 PM, Sydne","Comp026"
"Membership application. Level: National membership","NatMemb"
"Membership renewal. Level: National membership. Renewing until 01 Jan 2017","NatMemb"
"Membership level change. New level: National membership (upgrade from state)","NatMembUpg"
"Registration for ""Registration To International Events"" (31 Dec 2016, Overseas), 00 International License 2016","Comp018"
"Membership application. Level: State Membership - TAS","StMmbTAS"
"Registration for ""Registration To International Events"" (31 Dec 2016, Overseas), 00 International License - Oceania Only","Comp018"
"Membership renewal. Level: State Membership - NSW/ACT. Renewing until 01 Jan 2017","StMbNSWACT"
"Registration for ""New South Wales/Australian Capital Territory State Lead Titles"" (28 May 2016 - 29 May 2016, Villawood), Compe","Comp017"
"Membership application. Level: Technical Membership","MembTech"
"Membership application. Level: State Membership - South Australia","StMmbSA"
"Membership application. Level: State Membership - NSW/ACT","StMbNSWACT"
"Membership renewal. Level: State Membership - South Australia. Renewing until 01 Jan 2017","StMmbSA"
"Registration for ""Registration To International Events"" (31 Dec 2016, Overseas), 08-12th Boulder World Cup - Munich, Germany","Comp021"
"Registration for ""Victorian State Lead Titles"" (14 May 2016, Hardrock Nunawading), Competition Registration","Comp015"
"Registration for ""Victorian State Lead Titles"" (14 May 2016, Hardrock Nunawading), Competition Registration - Last minute","Comp015"
"Membership application. Level: State Membership - Victoria","StMmbVIC"
"Registration for ""Victorian State Lead Titles"" (14 May 2016, Hardrock Nunawading), Competition Registration - Last minute Regis","Comp015"
"Membership renewal. Level: State Membership - Victoria. Renewing until 01 Jan 2017","StMmbVIC"
"Registration for ""Victorian State Lead Titles"" (14 May 2016, Hardrock Nunawading), Competition Registration Registration in Ope","Comp015"
"Registration for ""South Australian Climbing Series Round 3 - Boulder"" (08 May 2016 9:00 AM - 5:00 PM (UTC+09:30), Adelaide's Bo","Comp025"
"Registration for ""Queensland State Lead Titles"" (07 May 2016 - 08 May 2016, The Rock Indoor Climbing Gym in Parkinson), Competi","Comp014"
"Membership renewal. Level: State Membership - Queensland. Renewing until 01 Jan 2017","StMmbQLD"
"Membership application. Level: State Membership - Queensland","StMmbQLD"
"Special Consideration Application","SpecConsIn"
"Membership application. Level: Climbing Facility Membership","MembGym"
"Membership renewal. Level: State Membership - TAS. Renewing until 01 Jan 2017","StMmbTAS"
"Registration for ""Australia Youth Team Tryouts"" (15 Apr 2016 8:00 AM - 16 Apr 2016 5:00 PM, Victoria - Bayside Rock & Hardrock","Comp012"
"Registration for ""Registration To International Events"" (31 Dec 2016, Overseas), 08-26th Lead World Cup #5 - Arco, Italy","Comp019"
"Registration for ""Registration To International Events"" (31 Dec 2016, Overseas), 08-19th Lead World Cup #4 - Imst, Austria","Comp020"
"Registration for ""Registration To International Events"" (31 Dec 2016, Overseas), 07-22nd Lead World Cup #3 - Briancon, France","Comp024"
"Registration for ""Registration To International Events"" (31 Dec 2016, Overseas), 07-15th Lead World Cup #2 - Villars, Switzerla","Comp023"
"Registration for ""Registration To International Events"" (31 Dec 2016, Overseas), 07-10th Lead World Cup #1 - Chamonix, France","Comp022"
"Membership renewal. Level: Technical Membership. Renewing until 01 Jan 2017","MembTech"
"Registration for ""Registration To International Events"" (31 Dec 2016, Overseas), 09-14th World Championships - Paris, France","Comp016"
